iter	RMSE
0	6.123724357
1	4.592793268
2	3.620012733
3	2.665601187
4	1.99920089
5	1.499400668
6	1.124550501
7	0.8434128755
8	0.6325596567
9	0.4744197425
